{
    "train_losses": [
        1.02606724581476,
        0.5866750236284934,
        0.548732181726876,
        0.5335797465453713,
        0.5341863718073246,
        0.5141897206589326,
        0.5015304285590931,
        0.48951723363439914
    ],
    "val_losses": [
        0.5842825323343277,
        0.5410528481006622,
        0.5598428398370743,
        0.49912628903985023,
        0.5946967303752899,
        0.49020007625222206,
        0.4904681146144867,
        0.48917604610323906
    ]
}