{
    "train_losses": [
        1.02606724581476,
        1.3045125383412957,
        0.870771996139251,
        0.614141437819863,
        0.5855539098112793,
        0.5692903955608575,
        0.5409391669360535,
        0.5421397795744327,
        0.5065768596406444,
        0.49278926631627756,
        0.48317403152315824,
        0.47595067524947976,
        0.4702774617389462,
        0.46488714665491193,
        0.44467039338998915,
        0.4427338015292073,
        0.43970007577655673,
        0.4382813498061091,
        0.4302836168996839,
        0.42685372779080516,
        0.4208423512790839,
        0.4232037120937161,
        0.41859075617872565,
        0.41357631366165487,
        0.41643213810088403,
        0.4093248550953318,
        0.4137926073814173,
        0.4006276433608484,
        0.40155905865599956,
        0.4035279867372908,
        0.3995009033161826,
        0.3955662495018192,
        0.3937760932048373,
        0.39226326150829555
    ],
    "val_losses": [
        0.5842825323343277,
        1.0884638628510594,
        0.6740954938997217,
        0.5714277234483273,
        0.6005284393087347,
        0.533682271140687,
        0.5117908698447207,
        0.5261524111666578,
        0.6810675598205405,
        0.483871817208351,
        0.4576524497346675,
        0.4487686881359587,
        0.44388058819669357,
        0.4917392329966768,
        0.43753580818785,
        0.4222516390871494,
        0.4728539518853451,
        0.43154093623161316,
        0.4154462423730404,
        0.40534976391082117,
        0.4211182052150686,
        0.44528466932317046,
        0.39943384788137803,
        0.4064631754413564,
        0.39674473829725954,
        0.4177351626944035,
        0.39473139726101086,
        0.3940962168130469,
        0.5190079785407857,
        0.3850283053961206,
        0.47577603167675914,
        0.37850339482439327,
        0.3873793725637679,
        0.4039928710841118
    ]
}