{
    "train_losses": [
        0.6918140977671676,
        0.5897241846005257,
        0.5651498266917943,
        0.5515735744924011,
        0.5440214258604422,
        0.5353646219181488,
        0.529635616646153,
        0.5255506696441987,
        0.5197114101492488,
        0.5137608308844737,
        0.5110611840703086,
        0.5073431522311905,
        0.5033882380240234,
        0.49945224980951775,
        0.49636295033027444,
        0.49216790722464865,
        0.4899218666330865,
        0.4860941119024021,
        0.48302185525311275
    ],
    "val_losses": [
        0.6626749594469328,
        0.5763161520700197,
        0.5773008981266537,
        0.5901230033990499,
        0.5731064129520107,
        0.6046630675728256,
        0.5905402713530773,
        0.6467805375923982,
        0.5143414639137887,
        0.5028295794854293,
        0.5064263384084444,
        0.49452552239637115,
        0.51672510722199,
        0.4910645376186113,
        0.48866268629963333,
        0.5132861906612242,
        0.5067548183975993,
        0.48303653742816,
        0.524523843381856
    ]
}